id;category_name
e10ead0e-83bb-4814-a225-97a0cd6271d3;after outsell
00a0db72-83f6-4f9c-a324-acf2c03d737d;overweight though gadzooks
bb25aa21-a6b2-4e27-98f8-49acc6dd553f;photographer whoa ack
3ba6b9f1-56fb-4296-a07e-429715f27075;masculine gah assist
256220bd-6ef2-4799-838f-8507fa8c1b40;dramatize ha ouch
83a30f66-b511-4456-a012-30c16f367a6c;modulo among gust
5fad1230-3a2a-42de-a12f-7c00cccc3ca8;tattered
337fede7-b79d-4782-8132-fefd08fe6d3e;okay yippee into
238c2a44-2601-4b1a-b6af-116afd8216d6;off qua
204c4f8b-f046-43e0-9f1e-80d216398db5;through
